{
  "rf": {
    "accuracy": 0.7467532467532467,
    "precision": 0.6595744680851063,
    "recall": 0.5740740740740741,
    "f1": 0.6138613861386139,
    "roc_auc": 0.8164814814814814
  },
  "lr": {
    "accuracy": 0.7077922077922078,
    "precision": 0.6,
    "recall": 0.5,
    "f1": 0.5454545454545454,
    "roc_auc": 0.812962962962963
  },
  "selected_model": "RandomForest"
}